position,title,artist,spotify_search,youtube_search,note
1,Lag Ja Gale,Lata Mangeshkar,https://open.spotify.com/search/Lag%20Ja%20Gale%20Lata%20Mangeshkar,https://www.youtube.com/results?search_query=Lag+Ja+Gale+Lata+Mangeshkar,Resolve to an official/licensed track or video before embedding.
2,Abhi Na Jao Chhod Kar,"Mohammed Rafi, Asha Bhosle","https://open.spotify.com/search/Abhi%20Na%20Jao%20Chhod%20Kar%20Mohammed%20Rafi,%20Asha%20Bhosle","https://www.youtube.com/results?search_query=Abhi+Na+Jao+Chhod+Kar+Mohammed+Rafi,+Asha+Bhosle",Resolve to an official/licensed track or video before embedding.
3,Pal Pal Dil Ke Paas,Kishore Kumar,https://open.spotify.com/search/Pal%20Pal%20Dil%20Ke%20Paas%20Kishore%20Kumar,https://www.youtube.com/results?search_query=Pal+Pal+Dil+Ke+Paas+Kishore+Kumar,Resolve to an official/licensed track or video before embedding.
4,Aap Ki Aankhon Mein Kuch,"Kishore Kumar, Lata Mangeshkar","https://open.spotify.com/search/Aap%20Ki%20Aankhon%20Mein%20Kuch%20Kishore%20Kumar,%20Lata%20Mangeshkar","https://www.youtube.com/results?search_query=Aap+Ki+Aankhon+Mein+Kuch+Kishore+Kumar,+Lata+Mangeshkar",Resolve to an official/licensed track or video before embedding.
5,Kahin Door Jab Din Dhal Jaye,Mukesh,https://open.spotify.com/search/Kahin%20Door%20Jab%20Din%20Dhal%20Jaye%20Mukesh,https://www.youtube.com/results?search_query=Kahin+Door+Jab+Din+Dhal+Jaye+Mukesh,Resolve to an official/licensed track or video before embedding.
6,Yeh Shaam Mastani,Kishore Kumar,https://open.spotify.com/search/Yeh%20Shaam%20Mastani%20Kishore%20Kumar,https://www.youtube.com/results?search_query=Yeh+Shaam+Mastani+Kishore+Kumar,Resolve to an official/licensed track or video before embedding.
7,Roop Tera Mastana,Kishore Kumar,https://open.spotify.com/search/Roop%20Tera%20Mastana%20Kishore%20Kumar,https://www.youtube.com/results?search_query=Roop+Tera+Mastana+Kishore+Kumar,Resolve to an official/licensed track or video before embedding.
8,Chaudhvin Ka Chand Ho,Mohammed Rafi,https://open.spotify.com/search/Chaudhvin%20Ka%20Chand%20Ho%20Mohammed%20Rafi,https://www.youtube.com/results?search_query=Chaudhvin+Ka+Chand+Ho+Mohammed+Rafi,Resolve to an official/licensed track or video before embedding.
9,Ajeeb Dastan Hai Yeh,Lata Mangeshkar,https://open.spotify.com/search/Ajeeb%20Dastan%20Hai%20Yeh%20Lata%20Mangeshkar,https://www.youtube.com/results?search_query=Ajeeb+Dastan+Hai+Yeh+Lata+Mangeshkar,Resolve to an official/licensed track or video before embedding.
10,Zindagi Kaisi Hai Paheli,Manna Dey,https://open.spotify.com/search/Zindagi%20Kaisi%20Hai%20Paheli%20Manna%20Dey,https://www.youtube.com/results?search_query=Zindagi+Kaisi+Hai+Paheli+Manna+Dey,Resolve to an official/licensed track or video before embedding.
11,Tere Bina Zindagi Se,"Lata Mangeshkar, Kishore Kumar","https://open.spotify.com/search/Tere%20Bina%20Zindagi%20Se%20Lata%20Mangeshkar,%20Kishore%20Kumar","https://www.youtube.com/results?search_query=Tere+Bina+Zindagi+Se+Lata+Mangeshkar,+Kishore+Kumar",Resolve to an official/licensed track or video before embedding.
12,Musafir Hoon Yaaron,Kishore Kumar,https://open.spotify.com/search/Musafir%20Hoon%20Yaaron%20Kishore%20Kumar,https://www.youtube.com/results?search_query=Musafir+Hoon+Yaaron+Kishore+Kumar,Resolve to an official/licensed track or video before embedding.
